week,tv_spend,radio_spend,paid_search_spend,paid_social_spend,display_spend,direct_traffic,out_of_home_spend,sales,region,campaign_type
2020-01-05,11648.069306540976,1931.1377012580945,3272.6129681279035,5072.93964353071,1073.8187268334807,551.8213661128027,784.921883935985,54525.12137753602,West,Brand
2020-01-12,8748.617321101374,2109.239154942183,2842.952338846054,2991.5092809402195,947.5926617286557,3157.182439195812,1313.924197505564,54805.62626904876,North,Performance
2020-01-19,8357.786784178286,1778.0145383334147,4865.534629941353,2363.8923308818303,2322.9436048078746,4188.109282562676,2990.884004256411,48082.34877020268,East,Performance
2020-01-26,8357.852684137446,2583.313537121665,2513.019069849789,2428.6099771178983,878.4547336521113,1364.2505786647494,6316.024977090351,51827.07854291802,West,Brand
2020-02-02,17953.968216785946,1224.8550731551757,7213.784400334174,4204.055063834351,1208.514870653989,1499.218266638582,388.3565256459252,54497.98101004557,West,Brand
2020-02-09,13057.166108878717,1994.3806662936445,5577.735632867426,2346.9279675349007,3958.6424083428788,2947.8444050273065,830.2612070003989,59219.5185799711,South,Brand
2020-02-16,7448.361504137974,2702.336156256361,5014.921570026365,4727.398837261995,1239.5113657458346,3981.3264609570097,518.7694584865262,55292.7316068027,East,Performance
2020-02-23,11879.184777782313,2439.6820280543834,7066.350445950598,3232.789248265441,573.8133071292889,309.8691388422861,1577.6655511809754,55682.929843147234,West,Brand
2020-03-01,10418.246063279612,2149.826298006326,1380.725050054188,9116.72262581205,420.5646819329696,617.7192851332917,3478.329989773367,52113.86987471733,East,Performance
2020-03-08,3267.286576206782,2165.513757705762,2066.0554715299463,2239.311431954473,522.3684859440999,1190.574765119684,448.2532939599,57831.303509283105,North,Performance
2020-03-15,5605.660779012345,2852.2904380235377,5699.897896721411,5318.586267721996,3183.2879458624357,1299.7859776619302,1816.2194222057649,53654.18703194796,East,Performance
2020-03-22,10757.935330740114,6363.68518656182,2934.1771033294885,978.5396952059925,1117.9140337201588,2889.42414425247,3403.2199814758583,47420.061409931324,West,Performance
2020-03-29,17205.7013966589,1279.695755858858,3139.112944676252,1476.1762785790254,5643.217431234295,3995.1115550537365,1298.376136842003,59088.380821209146,South,Performance
2020-04-05,8391.456881952869,6463.336929616908,1894.614429558653,8340.015864220053,3636.479209370755,4195.793935802987,2130.6196810538695,55665.439444056836,West,Brand
2020-04-12,7173.367595525977,1242.0204920264448,2516.974838260918,4591.731919601707,4480.307525672936,301.1435589661895,4207.774535170969,49132.896759197116,East,Brand
2020-04-19,9820.823039129406,387.76637349249154,7292.298368599556,3587.975092804483,2827.727524764416,827.7540419812744,694.186613731682,49241.08968450078,East,Performance
2020-04-26,6971.358583558112,1517.5645164456448,5633.689776494226,10639.831236754875,2253.604029860634,1012.8370226423025,289.92175007054243,53353.00952839483,West,Brand
2020-05-03,8128.944763231527,2611.6716292105866,4838.533402879285,2390.073410399512,924.7681386923183,824.734961205319,2325.7646547774725,53691.879181023054,East,Performance
2020-05-10,9275.140023287291,5642.852049401536,3205.4013348823964,5310.080229622631,1596.6959973434336,2276.2574573023303,2372.7151271035577,52823.685285622196,North,Performance
2020-05-17,5468.759269161137,1161.7315646967886,4686.353924084754,5575.170913696321,2383.9044042089204,2476.0690971288873,1224.8165550798885,53076.0424835268,West,Brand
2020-05-24,13357.269729617585,2842.6628878550805,7604.393892090516,7184.721034157021,2730.3896889627376,1674.9715374567472,1031.4415697770173,60845.304692015576,South,Brand
2020-05-31,4989.93136986455,831.6384971822396,2973.936402511909,872.3395174728885,721.817486283021,1555.1734542109525,1882.2619054181578,56250.13459287578,West,Brand
2020-06-07,4690.624430748153,5531.869027179838,4320.091253397346,2377.842135451514,1417.6552166602469,1233.1672331925079,682.2209851847679,52216.40034250884,North,Brand
2020-06-14,10209.968916396541,4074.871217863877,9852.165587892685,3192.217179430369,1520.3493308271688,1354.390258903917,683.2653774232075,56742.90317021807,North,Brand
2020-06-21,12901.237654921233,1577.2311314391027,6234.88383471628,7107.804684575582,1483.6522245062918,4699.613581538719,2977.236793876463,47320.21372957124,North,Performance
2020-06-28,10093.479553656598,4435.844114545725,3229.967084871279,3485.1265988532873,791.6779073793044,2738.0584454933914,637.9937141462301,53642.46838772672,North,Brand
2020-07-05,8842.538959386018,1987.1703410092337,5989.049829143019,5583.2406554163745,4190.899732484159,1271.7855063610682,312.3977184683286,60811.794886839125,North,Brand
2020-07-12,8091.92289805979,4193.4056277342,1688.280397389514,796.6455168844652,1388.1927242712832,1531.9426675849525,1029.6458204165492,50031.8096775848,South,Brand
2020-07-19,7481.253558827103,2140.191008945328,4231.171563933486,1966.9089580207844,832.0314560649489,2314.0582226181223,1249.754388074127,47100.249414524325,East,Performance
2020-07-26,14686.13607152779,2195.2989858072547,5985.8391262773075,6222.371389167349,4247.928951673437,551.6433333484493,2570.899783646482,48930.35999119154,North,Brand
2020-08-02,10804.72356660843,1597.731850427031,5332.723900562141,2179.6016905112797,3638.3995133995004,1858.1001097159383,1108.987569000621,46198.516349320285,North,Performance
2020-08-09,7766.4885886688335,3054.856505640858,5957.428707347151,2530.2902119925116,1742.0476083511521,2633.542258695248,4685.860406659416,47851.68728177733,West,Brand
2020-08-16,6703.542281856033,2294.377418025397,6607.838098010194,7033.422934341343,417.50428954815726,2400.4734627986268,1957.1817400350442,50016.21731267491,South,Brand
2020-08-23,12233.356303704553,2878.436291390828,5541.701174424119,1192.392848360495,1185.439942763566,842.4839923186884,908.3975282945286,44533.039188884315,South,Performance
2020-08-30,14533.978782790156,691.2655486527105,5462.856709887241,1455.5658849112008,490.944312233515,986.7743609250834,2493.9970789805925,51736.77747150157,East,Brand
2020-09-06,13962.806910536463,4275.65017954255,4894.69157058703,713.4594138375064,2157.8239408888467,194.82023864670805,4630.934904156439,56273.90841541573,South,Brand
2020-09-13,6156.756402284565,4869.087231192532,2354.070233750623,7218.372960886647,1132.7588499625906,2830.6734244971863,2920.8493562147514,47201.57465312141,West,Performance
2020-09-20,8060.1109538176115,2288.0462922038964,7290.725042653874,5009.680673614754,1573.192139451868,6034.206097879107,420.0454481409115,59795.78243251055,West,Brand
2020-09-27,7412.363355526964,6116.719243219562,4309.733583897835,4923.834173339191,4040.3693964771046,739.2074746824167,1340.3306945634172,54242.730342121235,East,Performance
2020-10-04,8553.954942259115,5346.2955873228,6159.093163434809,1922.2494953186758,1079.5149489820947,3530.3215870895037,2212.0887779926707,57034.64108006719,West,Performance
2020-10-11,13302.372174525928,3092.3956157459456,6927.3353925581605,659.0962765679433,2104.654780275482,5688.724444306831,2836.9599286905864,49009.40339774914,North,Performance
2020-10-18,16504.75862070022,4467.329311997942,3317.5507010640817,475.6699762258942,2474.096344566547,1135.2344412217662,1585.2886095166139,56036.136951435765,North,Performance
2020-10-25,10984.588341010518,3836.3039476081553,3475.2145884073157,6252.886374715668,3128.351414229587,1533.5954951409924,1414.6181293346901,46410.735026281516,West,Performance
2020-11-01,6814.344159202459,561.8629307592556,3727.1255733726807,3758.7187429307087,1503.8619433181095,2016.1731135672078,5746.968618314582,55926.08357253646,East,Brand
2020-11-08,9179.401246833575,1800.381609606722,7962.239140835709,4276.455935935774,1408.62291823675,2346.3031671877475,2950.9277128598483,52831.23701382063,South,Brand
2020-11-15,17856.783403000103,3214.7276807910735,2647.8598008492577,3085.0159334518107,1388.1973652105733,2096.8285589926477,2499.560143474001,54777.490570147595,East,Brand
2020-11-22,9714.493729758979,5046.630013026308,8632.718192755528,1305.7411162249086,1987.6093800812648,1210.4566126143336,1149.290973201997,45965.893011460736,South,Performance
2020-11-29,8100.160866570929,790.5957892825467,4867.2782543257035,1994.9127873080715,3553.4135714089193,2604.785869671771,672.7812229206297,46973.208628559245,West,Performance
2020-12-06,8416.04931150625,592.1038566595294,5042.603169851495,1032.680734864001,1348.7845998749483,1233.590455808162,2530.9712435586316,54261.46658113828,West,Performance
2020-12-13,10962.817206972742,2061.58582600887,6777.13534131267,914.0235269005965,206.2488075373739,2202.4411988291586,3176.8829695021695,46978.76767967499,North,Performance
2020-12-20,6257.894903693535,411.91609055948993,4591.795405307452,4733.290943698714,2631.893447102555,1629.1732551804214,1825.3979379586021,53725.665004178176,South,Brand
2020-12-27,7329.003675718377,2019.0125265872093,7330.461771548756,525.2817006362244,1666.538872285534,265.66801361472983,2956.426249056631,44523.02849283197,East,Brand
2021-01-03,13873.26579167821,2648.987699170513,3315.18379954938,1039.250439637843,2160.6227384997733,3884.2668804284685,3009.0641911875664,56117.286568376505,West,Performance
2021-01-10,10826.97032091601,1125.9812845529596,8497.911404977063,2089.742020811373,505.41786607857426,1009.878721927153,3322.814318925927,45618.47854442713,East,Performance
2021-01-17,9759.070354041358,2052.492880703954,3453.649881821361,2709.661141476377,1135.6005893034965,4145.240160614106,412.2284051986225,54380.71799407281,North,Brand
2021-01-24,14175.037675246975,3640.2157151757892,8655.810155038616,704.3193077033292,2511.207207984625,3435.5710122062296,1371.6210877431838,55376.19303941581,South,Performance
2021-01-31,6616.837856643948,1512.8819658547095,3503.385082485085,3453.662273609968,658.8475389187055,1971.7979061100787,2640.197076709873,47833.37554314197,South,Performance
2021-02-07,7988.039786990155,1256.1240585763744,3783.7499727110053,2959.1597376230616,2101.8984696357675,2434.0157384901745,1904.9289212542517,54344.71828981061,West,Performance
2021-02-14,10672.067663155087,1996.5420094964134,2472.47977990739,6181.325805499887,1565.3320688027466,2646.1100777825545,3015.571077405352,53105.04747864804,South,Brand
2021-02-21,10507.264297438822,1046.5610854666186,2861.0351288112684,2744.3851505956422,982.7807711914945,1424.6642102742242,2498.4887837245847,48681.433797514714,West,Brand
2021-02-28,4456.525044620529,5867.020591431242,4320.780444665913,3706.5795705179808,930.1810292578529,1478.9022547340508,160.47873224986492,46305.30692301841,North,Performance
2021-03-07,7631.34730471939,2179.733845191683,4960.425309399615,1372.1083865280034,796.8162701699376,2556.380899552142,3874.4439225919,41681.14101895277,South,Brand
2021-03-14,8653.697606613247,1343.5637673515525,7071.49263769597,1423.4809950482927,1661.1977378419606,1642.6302506095235,1233.9457401286097,53263.47014873326,West,Performance
2021-03-21,11190.132505088151,2425.2632630339212,3926.3801277728435,782.0497863791185,1779.177785489456,1213.7245619575822,860.7833980506099,43546.69027759755,East,Performance
2021-03-28,10490.885468691831,1989.9275583922795,2291.535889837884,1383.9375655868646,1266.6566941392437,854.7544230941811,3788.0586272125192,51760.86649224787,West,Brand
2021-04-04,9015.37086447091,1857.4847740516382,5338.5035648924795,1971.2258625066697,762.6481052834123,2249.3343487023203,2856.541008069082,50243.69602407796,South,Performance
2021-04-11,3255.5170061462654,1512.6289785053496,4793.66763121338,5778.266749539698,2066.9886266973804,981.4410509267267,4149.146779883387,54780.76806453879,North,Performance
2021-04-18,9219.248316809955,1466.0411447674558,5631.342015117056,1206.1753231914743,2659.14240887191,3046.3197940093264,2229.9219910676593,50124.772223940214,South,Brand
2021-04-25,9595.983526160184,702.9937396573644,3091.2497735345937,9379.687088168048,2286.545183542873,3224.8021603254383,1357.3367061449903,50312.91788465618,South,Performance
2021-05-02,24533.28526450957,4463.572764596138,3289.1699728352546,3939.0952178319576,4581.1108209026725,2420.6843937169033,2044.5902146771143,56354.68491120278,West,Performance
2021-05-09,8526.663402091153,2978.666488647742,3091.8905893949473,3389.9824535654625,1427.405782401749,2788.9529304683238,725.6304297021204,53171.21597658659,East,Performance
2021-05-16,10697.727508806294,2566.3297130585593,7736.672347553404,2585.8038920297236,3360.5219732171713,2425.80889310553,505.20543737275636,53514.50474834352,South,Brand
2021-05-23,15192.76812033171,1970.5479562694072,8537.73193638813,2225.9999407888968,1046.8728993567522,2928.2539402866473,1077.0468697209883,54562.58344064049,East,Performance
2021-05-30,12973.568942162237,1112.672240632881,3214.510096113147,1568.3641287240282,937.7501759334276,2842.416406647692,4987.742548317089,44035.01727710104,West,Brand
2021-06-06,16800.64065068942,1289.9411529198894,3249.1595301132506,674.9623552387252,1723.2265937065822,2162.801661863562,1172.8546063602073,55478.550172150004,East,Performance
2021-06-13,4492.304313233159,762.5233880840022,6020.492748056641,1244.299322056411,3778.1279765579516,3465.1249720480023,320.5195681053617,54411.42588988043,West,Performance
2021-06-20,5674.510124423973,1395.2312910934584,8999.820946628819,7206.998300313439,1330.7771293918552,1464.8873360453758,1620.735266681691,46802.533544043436,North,Performance
2021-06-27,7094.215652245998,1009.3821235590393,9951.118263600612,3771.6287269198306,505.1248221915851,878.10349907872,1159.739337537481,50465.17681698926,East,Performance
2021-07-04,4108.885305614692,5183.5942141662745,3136.7818886457835,7165.030535788953,2630.616234005456,838.6916622381423,3921.985298077316,51381.338144671,East,Brand
2021-07-11,9632.704213598045,3504.8137936765143,3567.9020244833523,1534.2866006612358,1524.9407420894447,1299.8655585489769,4755.5689158726045,50839.508779248485,North,Brand
2021-07-18,5897.876419278597,2236.01149814497,5090.098475572288,1004.8311668770236,1910.9303942942145,222.48049527967805,1306.6263125941368,52744.36006649437,East,Performance
2021-07-25,17759.020523218314,1194.3798791989893,5214.136094819251,2566.5848977409573,970.6539507337085,1957.4707791391133,2228.3527243957533,59192.88677034812,North,Performance
2021-08-01,6341.806147555137,1044.933610587286,4005.80176340457,1285.7386344322779,1713.5676973315453,2670.8371061407083,2366.16303779162,56665.19179627511,South,Performance
2021-08-08,8009.87217138654,1894.2118232442328,2808.7560022131024,2980.602265346753,564.0213534693829,3193.7212175703244,1765.1067105127759,44854.44662382132,West,Performance
2021-08-15,13307.797602617573,3586.4499050922986,4324.318126371518,535.3410366094879,4226.757290817114,333.54931602731057,1525.221026493236,54692.72611700128,North,Performance
2021-08-22,4961.466608308275,778.2144953012964,9945.893920463113,285.5980282496771,2908.6722262379603,863.1799545865093,809.1303602294074,58002.872071210106,East,Performance
2021-08-29,3968.4499823249243,2956.5464902981553,3314.5695764849474,3296.568833129828,1667.4096765326708,2983.2296664527435,262.7449212280628,53174.75736512868,North,Performance
2021-09-05,10153.985037919867,1391.2292848507996,4934.5181128675595,7339.024593844865,2589.4279983676015,1428.7521498198598,804.793551782898,57294.94566005044,East,Performance
2021-09-12,10501.783238753247,1558.1357167106703,13135.112982350653,3402.381239405371,1048.656774429579,2628.933388355442,1717.377945295783,62421.389893891246,South,Brand
2021-09-19,13135.078770735128,2197.351621631258,3289.412583964234,3744.5496632046274,2836.1836744261527,524.1108079140769,449.1036571311512,56697.25225831148,North,Brand
2021-09-26,11774.869567700493,1221.5017560416472,6160.216902252527,2650.0911118828485,1293.8928281329645,4112.67018418674,2143.7053029993463,53228.26598546739,South,Brand
2021-10-03,10676.151886423711,1836.151013222549,10153.717517186471,2842.516415918698,1236.1983288332608,483.6695221055117,1933.582492794856,57131.888786546886,West,Performance
2021-10-10,6692.796887984508,1153.7794004470597,5901.553531669483,640.0606767691644,834.7694899483015,1915.4605721140583,1161.4220610533725,51963.670503045265,East,Performance
2021-10-17,10373.174764884312,1465.071742326214,7470.928428581562,1329.030579608868,2051.9622115490397,1952.2525607714012,1473.9836440409128,51821.609172478544,East,Performance
2021-10-24,10657.675273218378,3280.157456234244,6567.420955467889,5738.922266395685,1623.8476340232753,1109.1266646372153,537.8083044011128,50154.65587338175,South,Brand
2021-10-31,6574.681423000055,2265.7494722638694,5671.587527287995,1935.9716638013194,3420.8888042721696,2360.381881018005,3282.0919012597897,59384.02870008323,West,Performance
2021-11-07,19937.853859339313,3273.1939291283043,8401.390178987227,5661.779467176053,768.4894657655902,2408.097617225878,3243.8508155309505,48729.84185364485,North,Brand
2021-11-14,11533.851817621773,1379.4917853428387,6065.287907583794,2784.5979458532374,2057.4121550290083,2226.3372108582284,638.3666825498518,59412.87996357014,North,Performance
2021-11-21,5723.81291114188,2968.953212137656,4027.054937575068,2890.647764097231,3068.1544320752287,1092.1630015980995,656.6143665375439,53743.232300253636,East,Brand
2021-11-28,13163.648578569822,635.2688484308355,4745.805645701415,1947.9039650889547,5714.722230915291,921.0523499214437,814.6833715981606,44637.203449121895,South,Brand
2021-12-05,14144.981440500565,2196.769838455443,5302.677843727698,4137.2347843003645,1798.11394338325,1192.1557874146924,2733.287115741448,53793.09498738178,South,Brand
2021-12-12,11232.754522156549,3081.058906329246,3556.6499094577503,4847.967701385948,1278.3149680885733,814.4267563383559,2360.782506268947,41165.998835168626,North,Performance
2021-12-19,8312.772383525604,615.6797339822679,4853.881747231005,1265.9321455731151,1770.7982515304652,3573.231312264098,3759.062745863232,54694.82579244128,West,Brand
2021-12-26,6440.8831731926875,1390.0570476625826,4507.567929326742,706.6458585826109,3269.317328651917,1278.1833411568048,4046.3292271056207,55679.93492522603,West,Performance
2022-01-02,9004.163275187144,2195.85573280514,6056.111870511387,363.6086355304484,3268.5561930061594,1875.1522556234843,405.31823878913553,48499.988999923364,North,Performance
2022-01-09,10886.229570061823,3736.4712114389185,11477.615161731384,3618.3897753786355,1487.0825792791497,2974.90794182475,2664.883088824531,53077.930906882415,North,Performance
2022-01-16,9389.620701395124,1464.9491707480472,4998.2769525385,3330.500772335148,3236.9194100806076,779.1393360525202,3938.4050713428624,61372.96679840046,South,Performance
2022-01-23,17127.128297202547,2903.016223655872,9111.162117744423,11101.956357586285,1577.698393300444,463.00485926043217,1398.6584386662755,50299.65267742756,West,Performance
2022-01-30,12305.896653555576,4625.112091035345,5949.869095952752,2661.8334726840612,2573.0480122871977,816.9619735084339,1800.0900468089553,46568.28057883802,North,Brand
2022-02-06,6098.207561141395,2979.507308450528,4842.87513274112,2313.348976239271,2197.6948030969897,2029.1306517399405,1596.7131017850509,58805.26170369835,North,Performance
2022-02-13,5428.97795448286,1878.9180455616986,3451.829688420279,3054.375030343019,1246.0336665906025,1929.2906609786369,1652.8960372521512,61018.99907698434,East,Performance
2022-02-20,11576.889892711943,2655.857039857702,4861.222923101672,3176.1425363367593,855.7142937619801,2223.283434703009,3274.381989263132,51836.08746804023,North,Performance
2022-02-27,8400.771536477687,1437.5720875674797,4712.667991181631,2176.2668745556057,3113.400202301649,1536.9279814990198,5609.2981182231815,56634.05892307013,North,Performance
2022-03-06,12770.513769372503,2248.464948916472,2979.347235290349,1303.506146724206,3601.3736253440234,84.62726372752064,4578.07833284139,58215.25392880323,West,Performance
2022-03-13,11530.890253437246,1936.3517615233864,3236.600214094717,2554.9706285172856,2029.0682056699616,1499.2538510304798,1207.8070610895454,47773.135515431,South,Brand
2022-03-20,9022.199255813232,2605.467253395662,5324.928188313361,2482.382684349294,1576.4101368456304,3249.466077867891,2233.543215755288,49306.41782467112,West,Brand
2022-03-27,6131.985340374227,1639.22977264095,9066.702086732133,2451.8480025484214,700.5043205899714,3826.03252887947,930.3579681581813,57942.05140317711,South,Performance
2022-04-03,4199.088598062532,2691.248374344019,4250.640043807265,4441.502217940947,3068.598069384667,1783.763172737568,1017.1527056183828,59773.65585448398,East,Brand
2022-04-10,10289.217940112694,1629.2685376190648,1840.945776390125,2520.1013982381855,1893.9240741923281,1934.5983715519726,1739.579024813749,54156.7642845209,North,Brand
2022-04-17,4919.414046449475,3485.7225993580087,1034.6859684210845,722.9473931669238,1359.4961563374864,2594.713553757843,993.1628528931204,46543.7431544216,East,Performance
2022-04-24,6011.759342306863,1735.1335672038051,2445.8317969617465,1495.692965173792,2614.5265508290277,3754.044537741217,1126.813609883939,61182.04564340925,South,Brand
2022-05-01,10013.380537791694,424.8438870026422,6236.63642173286,2155.129489769141,610.3636636476732,1667.3483515374348,2194.758538308399,48889.81660217579,West,Performance
2022-05-08,9587.089339831911,1068.7835938701846,2065.045835667314,2611.314538341497,806.3902170937445,2569.5386654150825,2638.4216077406086,49687.6537561274,West,Brand
2022-05-15,5214.8582531835655,2157.485579635854,6724.640991753106,3672.428325633709,1023.5794581391666,1052.169840446896,2588.6275904526246,53166.965680162495,East,Brand
2022-05-22,14838.21171551824,5158.360818849325,6069.533252395583,2626.9441761028484,2158.1920240649724,535.2608902338701,2606.9849206537183,59811.01284653776,South,Brand
2022-05-29,14666.73837640355,3410.6603186881075,4176.022914564805,294.0085737596752,1782.4822279863345,1147.3322387348485,577.5705981842345,55866.39014924854,East,Performance
2022-06-05,11740.065509150156,352.33364719424117,2993.9227692395725,812.9387251733356,2305.9515464187525,4332.923396145976,948.9839593369541,53633.1978914002,East,Brand
2022-06-12,11733.776956118305,726.0557596001764,3868.6338324304475,3851.006078724641,2952.1621066657904,2605.890496221975,1887.7380807004529,54060.49662409298,North,Brand
2022-06-19,11740.128033140254,4003.5216962823683,5259.551692242237,2109.0301329909994,2353.596243420502,586.379772804179,3818.1827617462586,51972.5265297615,East,Performance
2022-06-26,37835.69064902182,3071.3701837596377,2105.221305018147,2799.0856998211802,4276.72856652013,2690.7486087759457,7655.995398479543,56282.37775792313,North,Performance
2022-07-03,14091.610441853452,6687.13025721991,8621.151706880173,1902.4010419128904,2948.3032625281276,630.5359423574756,2299.514712189106,39598.39624098417,North,Brand
2022-07-10,12440.016290251995,1587.7380007718054,5235.441527689799,1490.3501862781054,1484.925614503745,2201.3673270084937,3060.781417266952,50253.02617518601,West,Performance
2022-07-17,6376.6920329886625,1204.5606279885483,5535.200095891846,1958.8230993286938,1130.715215433963,752.2979953097434,513.7105477682121,52359.07253049172,North,Brand
2022-07-24,8347.093294985321,2228.1995185005703,6048.263923214401,2824.020346480246,1512.925018660314,554.4359101056639,3003.891865377324,45759.694709822856,North,Brand
2022-07-31,23330.793933476998,1568.1886413574825,8215.319791013815,2505.903232998771,2400.641634813479,4813.970767050174,6368.239301463937,55050.658364533294,West,Performance
2022-08-07,3367.033974032698,3796.099064028105,4867.195657353234,4826.473825721175,1210.118018854027,1277.4006457927744,945.9015987964334,50298.57937619825,East,Performance
2022-08-14,7439.2302917951365,1534.00805967784,6238.513453126085,586.0742877027236,2438.5395136459692,2572.9527086149114,1158.4109872495228,60217.32688421918,South,Performance
2022-08-21,14872.957839793533,1799.8355495184544,3021.5889026422847,677.3306461304621,2281.8410408783116,1720.0531868423595,3344.9992508728346,59510.86865132382,South,Brand
2022-08-28,6571.424630615939,1093.1298930398827,9971.17569514258,2089.514770977466,847.3310359403706,678.7640129655512,1869.6241337732902,49231.95551420367,South,Performance
2022-09-04,12588.195895877563,3282.938229227311,4700.9746260071015,3701.9603934225,2917.3411997376465,1388.6220315996072,235.18964321318313,51036.2553298813,East,Brand
2022-09-11,9531.613958721462,1141.1631697307016,3013.2629881993757,4277.083516664742,1987.5208467678844,684.3388568611027,1218.4308378647966,50976.47079779408,North,Performance
2022-09-18,6791.6668976915025,2720.3055631285524,3452.318704903263,1541.528886991822,4161.350684362422,7124.457925683398,4742.5319851541135,49696.29802220687,South,Brand
2022-09-25,3033.0591136386897,5644.413767116852,1329.7264902509658,90.6582409413687,1581.0480743854127,2898.644573115005,1465.0288111433335,51947.95040338957,East,Performance
2022-10-02,10162.307121388485,551.2059400876815,3440.363877788544,1584.3796978663854,1320.9500578338966,1695.8385736519942,1464.0540939639923,47499.798591782244,North,Brand
2022-10-09,6310.9100018991085,4745.351108715006,849.8927973003604,3338.0686542046574,773.7360107022224,2477.472664105303,3200.368938011663,45663.47581469247,West,Performance
2022-10-16,8846.339757618998,2520.382968280333,6463.8861182536175,2470.4696458764943,765.2434521837419,2771.3133884533177,2359.8784603683794,54854.88319886973,South,Brand
2022-10-23,11689.551588720738,974.9259229290537,5451.820219943022,3797.948037731396,2723.4031161324324,2776.397978355053,1401.943948075704,55015.18894205791,North,Performance
2022-10-30,13595.762248171459,2279.4611072463604,2531.089161913904,5606.768159258261,3929.4090873453574,2694.9804042738338,1094.0966825504265,47934.24507640359,South,Performance
2022-11-06,7428.043478897467,3228.8705110737574,4291.275678828142,2205.403166036198,1499.8275053951836,2553.3900057693872,10019.695981475901,56282.70522902715,South,Brand
2022-11-13,6785.625597684726,1258.3264506079254,4391.727185633015,1736.0888042155104,1440.223846219439,1801.6511296308067,4229.797534378156,48177.59333343533,South,Performance
2022-11-20,4876.840968087268,2810.4338396405583,2238.9281479649712,1148.216172982318,1669.6229611949325,4572.89512378822,2606.297400579537,52570.07782144098,North,Brand
2022-11-27,13887.112421547154,4964.902529572291,3911.5426432479762,673.2665191095977,3029.740285609258,1888.5490236203748,2725.4894010527796,55932.01068960366,East,Brand
2022-12-04,21832.174552047352,1532.750907055342,4462.068544977839,496.3581415206064,852.5272521926578,1733.2293738482995,1660.885077169993,51875.54990649912,North,Performance
2022-12-11,14542.488327402616,1084.0860083398204,3856.1177638071113,1415.286261913246,1845.101217132852,1900.6149947730967,2339.4839022696083,53947.0115122874,South,Brand
2022-12-18,15946.78472429839,1973.189170441588,3011.598358868543,5102.860779061003,2758.3173498629008,2001.8631275712592,1525.9762077289543,49415.42132734806,North,Performance
2022-12-25,6597.563663283783,2206.963264510125,2476.426159763651,4055.997108188081,2142.901311528495,336.49789745253145,870.5736263860147,50138.66273038286,West,Performance
2023-01-01,11385.167199523396,3905.816769211238,3785.172108976807,1669.1940492087865,144.06222847562242,809.569135471724,2406.273557912045,50450.29079091095,East,Brand
2023-01-08,13096.112257747667,1933.4988335007154,3213.7036569092847,9436.65442675057,2360.321340889876,1536.8876108262784,1423.1627766352449,48348.63695923872,North,Performance
2023-01-15,1165.698073971819,1622.8407845089437,5851.192570610274,1500.9200757619165,2154.9577806106354,318.05805675676055,2496.9556812566425,50036.705685381254,West,Brand
2023-01-22,5570.192865191176,1065.4758639116083,8462.353527472822,5963.000606761233,3358.565330635986,1693.7766836429917,2837.2022343290755,44122.41491311598,East,Brand
2023-01-29,18311.827100708913,619.4891692957065,6884.9735171477205,6906.859013813196,3756.624450773845,1982.5934816710715,2591.5416690732523,50122.81310958878,West,Performance
2023-02-05,4417.652890360206,852.9217955739505,4538.447392014075,3500.707324385765,3265.0860316871767,511.7285278315855,807.3634407403551,49672.87307178347,East,Performance
2023-02-12,17047.851577829384,849.2984080343329,3074.578888377216,1403.863816694118,1675.0534578248387,990.8636431403173,1302.2104481763347,50330.100416809175,North,Brand
2023-02-19,4402.6583676996115,1811.8572531776088,6794.1964593193925,1857.1896622016923,487.7141601615506,3929.1954233776114,1445.3956684933223,50286.17092234897,West,Brand
2023-02-26,5702.548375174711,710.5296167637727,6026.838756322143,2874.9563418322705,1433.7809214537385,2495.291980245979,3597.554458144647,51188.69723247605,South,Performance
2023-03-05,11475.591887528133,2063.1860279326343,8174.419475863462,693.4727945379033,1643.1028607948294,2396.1577848349802,3471.379606050061,54319.16310731472,West,Performance
2023-03-12,9638.172691263788,5575.125401972913,4869.846641814888,1051.0228491861212,3901.718923771724,3614.426363644283,999.0065025156283,56211.24579720352,East,Performance
2023-03-19,7765.604460209929,3969.4538259703763,9715.79304210575,971.299028338539,977.2130641385129,823.7225625930691,563.9748513239307,48395.08484225836,North,Performance
2023-03-26,17999.475413543838,1800.9861758659526,4870.611753327133,3689.8726176766327,623.8390439752218,513.2499937745655,7889.765883242012,46187.584386190145,East,Brand
2023-04-02,4941.784764861921,7570.274133660959,3066.477602836239,5570.788565626437,1215.1548271870647,3293.8656381120063,2519.471370695915,46566.69220263465,West,Performance
2023-04-09,8692.786006274664,2211.6348923699684,3379.143479215593,4166.686119386272,1012.9404651046494,1570.5246000843351,490.351181134788,48965.18852692159,West,Brand
2023-04-16,12112.881216443297,2402.7145584847544,5714.044505323741,4967.418466477703,579.7927836089051,804.2790208328299,1142.5717904503579,50035.66942211719,South,Brand
2023-04-23,10600.755328993471,1950.2444085778216,3209.00778731099,1302.189473423966,1519.9469973867701,333.5046339721402,3699.9345793434186,47458.39735179832,North,Performance
2023-04-30,6893.187655562918,2090.830076552036,9683.01951940861,1925.748483599224,1682.14101878857,1916.722972394551,6685.825607686572,45456.56294942713,North,Brand
2023-05-07,7011.534118914684,1499.2438563031096,5480.674804422452,2045.0434166316838,554.650205768432,1433.1687081622342,5980.481664802298,49195.83276967847,West,Performance
2023-05-14,13506.278302237934,1817.2686151135977,4487.904324138881,3490.817045090108,1315.7579565526828,1246.485476336933,2444.148174305925,52673.64998184975,North,Brand
2023-05-21,13784.53279153266,4763.067774361076,4681.614137020584,1449.4222146127497,970.3974377833747,131.4970494164421,1838.1310486699504,54632.14824139432,South,Performance
2023-05-28,10724.96939626861,4210.379394153269,3834.6950950433384,4761.57174014724,376.2403165880499,4533.571741171675,737.5421384927971,49201.13356651046,East,Brand
2023-06-04,6190.285448555336,409.32563762284406,1571.7281931025013,6781.638387799123,1715.368990757306,421.39769096545814,1957.729175040634,49099.25724649232,North,Brand
2023-06-11,7116.248837642433,772.2643316166651,3380.491361884708,3618.0043165224515,1818.1116115100735,1345.5772085240326,833.1435062616574,46578.22302315835,West,Performance
2023-06-18,9243.319064197156,1269.9925373546694,9098.227547590861,1857.7755601952692,970.5287750788939,1171.6624722699933,1312.7138986660284,51517.59607829263,East,Performance
2023-06-25,9849.47808963982,3604.0270685010996,4936.1649134456065,1201.579906679248,2902.778730817429,2547.799487110837,3342.589409118606,47483.597541392926,East,Brand
2023-07-02,11902.222962766984,4262.949895563359,7271.261403716054,973.4677455509967,1620.9720349240822,337.73440784388396,1519.9263550755643,54585.96324927117,South,Brand
2023-07-09,8486.732372863025,3221.8242294249053,7373.172138265652,298.26354161591945,1001.4361488691176,2337.3624086758846,1439.8439521768923,42673.06799656757,West,Performance
2023-07-16,13373.030980465877,972.1671135935139,4312.10610929076,2095.554688415586,527.9358682364602,1923.7682840043722,1762.9582545515789,49823.23240380727,North,Brand
2023-07-23,13307.756107833213,1518.8503069037918,6075.576636461204,2001.3533757515927,1876.260317132021,949.8023763402358,8641.647461331568,53503.01939059465,West,Performance
2023-07-30,16186.120527915893,2838.6394091030484,1680.808323728536,4563.923783876781,2151.9985672653725,2279.1607885406347,664.2192646859817,52805.255920971744,East,Brand
2023-08-06,9424.374726167716,1834.523377713714,8739.616684800647,1532.334400854919,1171.8344165568305,1691.5087548795002,2261.4383556250177,65223.55315741178,West,Performance
2023-08-13,10805.115995821514,1680.178189956552,8394.079951702382,2190.1341626269,1748.1798732002496,5249.822396869512,5636.3873710026755,54109.03491032979,North,Brand
2023-08-20,8782.266967066953,1695.661483932647,5635.61988072561,3088.1104530329753,3756.5247044464963,1432.1594195065015,1758.9269493772888,46584.73219124009,North,Performance
2023-08-27,6225.755936476728,4034.5600162793075,5026.574160975108,3576.390194508852,2649.3999159777336,711.7357582492334,4177.668577937446,51068.187684472585,South,Performance
2023-09-03,21606.317862579825,3005.748210912038,4341.542032230934,4210.185844693287,282.13497048183575,2353.9543160038743,525.5724838954803,43472.3535667458,North,Brand
2023-09-10,15284.35286114732,1753.9571214517891,7682.27820513283,2867.186410055347,993.7514635380306,1294.2987203999198,1559.9249363870797,51638.68499977374,North,Performance
2023-09-17,13188.540071225312,2588.384528186916,6422.102772471804,735.7279715878796,1474.8098674306907,1665.752042360363,915.7328955383066,47568.16934156846,West,Brand
2023-09-24,9280.521153171021,880.7617673309547,563.7498621399271,3356.615300673803,1676.486578835648,517.4827959657456,1744.5940194218965,55629.71043311451,West,Performance
2023-10-01,5968.692593006346,1520.7231342464177,3618.614417494512,1438.893556426774,1771.001318018407,2575.243254872565,1773.19004149449,48458.25000835204,East,Performance
2023-10-08,14212.031136039022,3818.143647381415,2296.07867614439,5746.30502828907,2073.2485562131315,1130.5120483704347,1916.9716630866978,51297.65464567387,South,Performance
2023-10-15,8712.281028022995,677.481992070665,2045.1586718425099,2541.4188854040294,1505.33463646591,2034.0169423252714,3321.3975397551853,48101.751404905284,West,Brand
2023-10-22,11233.49037546752,3026.992372584681,7642.690883315903,2995.798082645756,1618.539936020966,6112.587446961821,135.688017772128,61005.97940036212,North,Performance
2023-10-29,7103.4790508627975,405.62578884951296,4293.062936802557,11680.33563977885,2727.356597224113,1367.6659715488688,1099.6791688265566,50263.91919345809,East,Brand
2023-11-05,10432.21969331147,5205.618763744043,5589.70324466833,4260.999930845891,1898.1332523193018,2823.8456656489493,2150.0419550518686,61219.77583425112,West,Performance
2023-11-12,7309.948822049952,1497.7012915505811,4578.894430438493,3313.1338710152368,720.6440775740616,1443.4839155696984,251.1118605738297,55358.483918205144,South,Brand
2023-11-19,7442.549612804012,2698.3988717000466,2061.318133478744,2241.3519506855882,1708.7408066691032,961.0355839991756,2861.7078483166815,53575.44074078912,South,Brand
2023-11-26,10372.23022131499,2286.06620656322,1704.8877738828257,799.639263194956,1477.3349523731008,4020.589943759975,1081.9532327082554,53262.325802784464,East,Brand
2023-12-03,4370.736963935598,2335.7725050469785,3487.758066632963,2116.680568888256,373.75359579178735,231.73551490873893,1583.5765786659185,52872.93684183383,East,Performance
2023-12-10,4477.427348161658,2561.237515996011,3646.4980220277075,1188.1904371815167,1761.7930397664966,3335.0628377480784,3425.099682378993,41656.60185458933,East,Brand
2023-12-17,6560.691845744051,588.3398062115677,3645.2704469983846,7328.437609514264,789.5416864289027,197.67226691971536,4305.110671473411,50048.91170287108,East,Performance
2023-12-24,8441.175909878524,2364.4268514274518,3701.5462872223,3344.806456100472,2750.238708241287,3104.983821049935,2922.926272081521,55890.664502226005,East,Brand
2023-12-31,13550.865654130812,1901.8921409778795,11105.046221223012,5606.967186118805,2056.123200315435,1685.1611082505374,645.8301793621101,52200.58504366137,North,Brand
